video_id,team,team_abbreviation,conference,channel_name,channel_id,channel_title,video_title,video_description,published_at,published_date,published_hour,published_month,duration,content_type,message_theme,view_count,like_count,comment_count,like_count_clean,comment_count_clean,engagement_count,engagement_rate,likes_per_1k_views,comments_per_1k_views,views_per_day,comments_pulled,avg_comment_sentiment,positive_comment_pct,neutral_comment_pct,negative_comment_pct,sentiment_bucket,monitoring_priority
7FEI5EuW9pk,Boston Celtics,BOS,East,Boston Celtics,UCMfT9dr6xC_RIWoA9hI0meQ,Boston Celtics,Luka Garza FULL SEASON 2025-2026 Highlights,"Every minute mattered. Luka Garza brought toughness, energy, and buckets whenever his name was called all season long.",2026-06-01T23:00:05Z,2026-06-01,23,2026-06-01,PT14M31S,Highlights/Recap,Star Player,573,51,17,51,17,68,0.11867364746945899,89.00523560209423,29.66841186736475,114.6,9,0.2111111111111111,0.4444444444444444,0.2222222222222222,0.3333333333333333,Positive,High Engagement
vD0EHRSfH2I,Boston Celtics,BOS,East,Boston Celtics,UCMfT9dr6xC_RIWoA9hI0meQ,Boston Celtics,JT's comeback was greater than the setback 💪 #celtics #nba #shorts,JT's comeback was greater than the setback #celtics #nba #shorts.,2026-06-01T22:01:01Z,2026-06-01,22,2026-06-01,PT44S,Shorts,Star Player,4293,507,18,507,18,525,0.1222921034241789,118.09923130677848,4.1928721174004195,858.6,14,-0.18571428571428572,0.2857142857142857,0.35714285714285715,0.35714285714285715,Negative,High Engagement / High Negative Sentiment
Cy-wVIqe4Eo,Boston Celtics,BOS,East,Boston Celtics,UCMfT9dr6xC_RIWoA9hI0meQ,Boston Celtics,Hugo Gonzalez FULL SEASON 2025-2026 Highlights,"New city, new chapter. Hugo González showed flashes all season long with energy, toughness, and big-time potential. Head to ...",2026-05-30T18:00:10Z,2026-05-30,18,2026-05-01,PT16M29S,Highlights/Recap,General Team Content,1590,92,9,92,9,101,0.06352201257861635,57.861635220125784,5.660377358490566,227.14285714285714,9,0.12222222222222222,0.3333333333333333,0.3333333333333333,0.3333333333333333,Neutral,Standard
nrY9QsI1h4M,Boston Celtics,BOS,East,Boston Celtics,UCMfT9dr6xC_RIWoA9hI0meQ,Boston Celtics,Jordan Walsh FULL SEASON 2025-2026 Highlights,"From hustle plays to breakout moments, Jordan Walsh made the most of every opportunity in 25/26. Check out his full season ...",2026-05-28T23:00:06Z,2026-05-28,23,2026-05-01,PT24M6S,Highlights/Recap,General Team Content,1298,54,6,54,6,60,0.046224961479198766,41.60246533127889,4.622496147919877,144.22222222222223,5,0.39,0.4,0.6,0,Positive,Standard
jpVaQbN7Tso,Boston Celtics,BOS,East,Boston Celtics,UCMfT9dr6xC_RIWoA9hI0meQ,Boston Celtics,Every game tells a story 📖 #celtics #nba #shorts,Every game tells a story #celtics #nba #shortrs.,2026-05-28T14:00:00Z,2026-05-28,14,2026-05-01,PT8S,Shorts,General Team Content,9308,470,22,470,22,492,0.052857756768371296,50.494198538891276,2.363558229480017,1034.2222222222222,14,-0.14285714285714285,0.14285714285714285,0.42857142857142855,0.42857142857142855,Neutral,High Negative Sentiment
5ibmx6KYoaU,Boston Celtics,BOS,East,Boston Celtics,UCMfT9dr6xC_RIWoA9hI0meQ,Boston Celtics,Neemi went next level this season 📈 #celtics #nba #shorts,Neemi went next level this season #celtics #nba #shorts.,2026-05-27T14:00:02Z,2026-05-27,14,2026-05-01,PT46S,Shorts,General Team Content,4682,747,17,747,17,764,0.16317812900469886,159.54720205040582,3.630926954293037,468.2,6,0.425,0.5,0.3333333333333333,0.16666666666666666,Positive,High Engagement
w6isG_ex59M,Boston Celtics,BOS,East,Boston Celtics,UCMfT9dr6xC_RIWoA9hI0meQ,Boston Celtics,Sam Hauser 2026-2026 Full Season Highlights,"Sam Hauser is ""Haus Money"" from 3 Check out some highlights from his 30 PTS game against Atlanta at 9:27 ______ ...",2026-05-26T21:00:23Z,2026-05-26,21,2026-05-01,PT21M12S,Highlights/Recap,General Team Content,843,54,12,54,12,66,0.07829181494661921,64.05693950177937,14.234875444839856,76.63636363636364,11,0.09545454545454546,0.2727272727272727,0.4545454545454546,0.2727272727272727,Neutral,Standard
04F0ex8JSn8,Boston Celtics,BOS,East,Boston Celtics,UCMfT9dr6xC_RIWoA9hI0meQ,Boston Celtics,Robert Parish Punches Bill Laimbeer in Game 5 of 1987 Eastern Conference Finals,Robert Parish let his fists fly on Bill Laimbeer during Game 5 of the 1987 Eastern Conference Finals between the Boston Celtics ...,2026-05-26T17:04:17Z,2026-05-26,17,2026-05-01,PT3M53S,Other,Playoff Stakes,1017,57,6,57,6,63,0.061946902654867256,56.04719764011799,5.899705014749262,92.45454545454545,5,0.4,0.6,0.2,0.2,Positive,Standard
_od_DR7NUVA,Boston Celtics,BOS,East,Boston Celtics,UCMfT9dr6xC_RIWoA9hI0meQ,Boston Celtics,Payton Pritchard 2025-2026 Full Season Highlights,Payton Pritchard aka the Buzzer Beater King took on a big role this year and he showed up 40:23 Buzzer beaters 48:55 Lakers ...,2026-05-24T12:30:05Z,2026-05-24,12,2026-05-01,PT1H13M10S,Highlights/Recap,General Team Content,1837,80,10,80,10,90,0.04899292324442025,43.54926510615133,5.443658138268916,141.30769230769232,9,0.6333333333333333,0.4444444444444444,0.4444444444444444,0.1111111111111111,Positive,Standard
voQCd53zWtE,Boston Celtics,BOS,East,Boston Celtics,UCMfT9dr6xC_RIWoA9hI0meQ,Boston Celtics,"Framing moments, one at a time 🎞️ #celtics #nba #shorts","Framing moments, one at a time 🎞️ #celtics #nba #shorts.",2026-05-23T13:00:02Z,2026-05-23,13,2026-05-01,PT14S,Shorts,General Team Content,4603,543,13,543,13,556,0.12079078861611992,117.96654355854876,2.824245057571149,328.7857142857143,12,0.20833333333333337,0.3333333333333333,0.5,0.16666666666666666,Positive,High Engagement
yi1I8LsDgQo,Boston Celtics,BOS,East,Boston Celtics,UCMfT9dr6xC_RIWoA9hI0meQ,Boston Celtics,Derrick White: best shotblocking guard in the NBA #celtics #shorts,Derrick White: best shotblocking guard in the NBA #celtics #shorts.,2026-05-22T23:48:04Z,2026-05-22,23,2026-05-01,PT1M29S,Shorts,General Team Content,15511,1425,24,1425,24,1449,0.09341757462446006,91.87028560376507,1.5472890206949907,1034.0666666666666,18,0.14444444444444443,0.3333333333333333,0.5,0.16666666666666666,Neutral,Standard
caOzhJuSzV0,Boston Celtics,BOS,East,Boston Celtics,UCMfT9dr6xC_RIWoA9hI0meQ,Boston Celtics,Neemias Queta 2025-2026 Full Season Highlights,"Neemias Queta put up his best season yet, making his presence known on both ends of the floor and posting career highs across ...",2026-05-22T14:00:19Z,2026-05-22,14,2026-05-01,PT49M7S,Highlights/Recap,General Team Content,1213,76,7,76,7,83,0.06842539159109645,62.65457543281121,5.7708161582852435,80.86666666666666,7,0.45,0.7142857142857143,0.2857142857142857,0,Positive,Standard
5O9Re0QbEvA,Boston Celtics,BOS,East,Boston Celtics,UCMfT9dr6xC_RIWoA9hI0meQ,Boston Celtics,Derrick White FULL SEASON 2025-2026 Highlights,"From winning plays to unreal consistency, Derrick White did a little bit of everything in 25/26. Check out the full season highlights ...",2026-05-20T22:00:04Z,2026-05-20,22,2026-05-01,PT1H17M49S,Highlights/Recap,General Team Content,1049,71,8,71,8,79,0.07530981887511916,67.68350810295519,7.626310772163966,61.705882352941174,6,0.225,0.5,0.3333333333333333,0.16666666666666666,Positive,Standard
IkoVOfH5l7c,Boston Celtics,BOS,East,Boston Celtics,UCMfT9dr6xC_RIWoA9hI0meQ,Boston Celtics,Happy birthday to Celtics Legend Kevin Garnett ☘️ #celtics #nba #shorts,Happy birthday to Celtics Legend Kevin Garnett ☘️ #celtics #nba #shorts.,2026-05-19T14:00:01Z,2026-05-19,14,2026-05-01,PT9S,Shorts,General Team Content,8533,614,16,614,16,630,0.07383100902378999,71.95593577874136,1.8750732450486347,474.05555555555554,15,0.6866666666666666,0.4666666666666667,0.5333333333333333,0,Positive,Standard
guT87tvU_ZA,Boston Celtics,BOS,East,Boston Celtics,UCMfT9dr6xC_RIWoA9hI0meQ,Boston Celtics,Jayson Tatum FULL SEASON 2025-2026 Highlights,"Jayson Tatum's return from injury had an instant impact on the team, making this one of the greatest comebacks in sport history ...",2026-05-18T20:00:06Z,2026-05-18,20,2026-05-01,PT24M21S,Highlights/Recap,Star Player,4031,189,18,189,18,207,0.051352021830811216,46.88662862813197,4.465393202679236,212.1578947368421,11,0.43636363636363634,0.4545454545454546,0.4545454545454546,0.09090909090909093,Positive,Standard
iYrbUMZl2r8,Boston Celtics,BOS,East,Boston Celtics,UCMfT9dr6xC_RIWoA9hI0meQ,Boston Celtics,Top 10 Plays of the season ☘️ #celtics #nba #shorts,Top 10 Plays of the season ☘️ #celtics #nba #shorts.,2026-05-17T13:00:02Z,2026-05-17,13,2026-05-01,PT1M44S,Shorts,General Team Content,14335,1213,40,1213,40,1253,0.08740844087896756,84.6180676665504,2.790373212417161,716.75,34,0.2647058823529412,0.38235294117647056,0.38235294117647056,0.2352941176470588,Positive,Standard
iHM-_WZWb_w,Boston Celtics,BOS,East,Boston Celtics,UCMfT9dr6xC_RIWoA9hI0meQ,Boston Celtics,Jaylen Brown FULL SEASON 2025-2026 Highlights,"Jaylen Brown put together his best season yet, full of significant individual milestones that led to team success Skip to 45:27 to ...",2026-05-17T12:01:08Z,2026-05-17,12,2026-05-01,PT1H57M21S,Highlights/Recap,General Team Content,7639,150,13,150,13,163,0.021337871449142558,19.636078020683335,1.7017934284592224,381.95,13,0.35,0.5384615384615384,0.4615384615384616,0,Positive,Standard
oM9oDWVCF7A,Boston Celtics,BOS,East,Boston Celtics,UCMfT9dr6xC_RIWoA9hI0meQ,Boston Celtics,We surprised Celtics superfans with the perfect gifts for their wedding 💚,"""The Celtics have brought us closer together through the thrill of basketball."" After sending us fan mail about their upcoming ...",2026-05-16T12:01:25Z,2026-05-16,12,2026-05-01,PT59S,Shorts,General Team Content,1124,69,3,69,3,72,0.06405693950177936,61.387900355871885,2.6690391459074734,53.523809523809526,3,0.5,0.3333333333333333,0.6666666666666666,0,Positive,Standard
9mAkaGLWqUo,Boston Celtics,BOS,East,Boston Celtics,UCMfT9dr6xC_RIWoA9hI0meQ,Boston Celtics,Throwin' it back to D-White's 21st for this one 🤣 #celtics #nba #shorts,Throwin' it back to D-White's 21st for this one #celtics #nba #shorts ______ Subscribe Here ...,2026-05-12T19:33:58Z,2026-05-12,19,2026-05-01,PT1M39S,Shorts,General Team Content,6303,476,14,476,14,490,0.07774075836903062,75.51959384420118,2.221164524829446,252.12,10,0.2,0.4,0.4,0.2,Positive,Standard
F6RDGpIZp7o,Boston Celtics,BOS,East,Boston Celtics,UCMfT9dr6xC_RIWoA9hI0meQ,Boston Celtics,Jayson Tatum reconnects with his elementary school music teacher 💚 | The Early Game,"Jayson Tatum always knew he wanted to play basketball, but success on the court couldn't happen without success in the ...",2026-05-09T12:00:24Z,2026-05-09,12,2026-05-01,PT2M49S,Other,Star Player,7521,233,9,233,9,242,0.032176572264326554,30.9799228825954,1.1966493817311528,268.60714285714283,6,0.38333333333333336,0.5,0.5,0,Positive,Standard
uRl42qNGoyc,Los Angeles Lakers,LAL,West,Los Angeles Lakers,UC8CSt-oVqy8pUAoKSApTxQw,Los Angeles Lakers,Celeb row brought out the stars this season ✨ #lakers,"Justin Bieber, Will Ferrell, Laufey, Madison Beer, and other stars lined Celebrity Row at Lakers games during the 2025-26 season.",2026-06-03T00:32:03Z,2026-06-03,0,2026-06-01,PT23S,Shorts,General Team Content,25,2,0,2,0,2,0.08,80,0,8.333333333333334,0,0,0,0,0,Neutral,Standard
K0jthRmQoVg,Los Angeles Lakers,LAL,West,Los Angeles Lakers,UC8CSt-oVqy8pUAoKSApTxQw,Los Angeles Lakers,Counting down Austin’s five TOUGHEST buckets of the season #lakers,"To celebrate Austin's 28th birthday, we look back at some of Austin's best buckets from the Lakers' 2025-26 season. Subscribe for ...",2026-05-29T19:01:26Z,2026-05-29,19,2026-05-01,PT38S,Shorts,General Team Content,11192,327,20,327,20,347,0.031004288777698355,29.217298070050035,1.7869907076483202,1399,17,0.1676470588235294,0.35294117647058826,0.4705882352941176,0.17647058823529413,Positive,Standard
graazc4GPes,Los Angeles Lakers,LAL,West,Los Angeles Lakers,UC8CSt-oVqy8pUAoKSApTxQw,Los Angeles Lakers,7 Minutes of Austin Reaves' TOUGHEST Highlights (2025-26),"To celebrate Austin's 28th birthday, we look back at some of Austin's best buckets and dimes from the Lakers' 2025-26 season.",2026-05-29T18:54:54Z,2026-05-29,18,2026-05-01,PT7M14S,Highlights/Recap,General Team Content,7819,424,37,424,37,461,0.058958946156797545,54.22688323315002,4.732062923647526,977.375,28,0.6803571428571429,0.6428571428571429,0.35714285714285715,0,Positive,Standard
25o2VTMo-48,Los Angeles Lakers,LAL,West,Los Angeles Lakers,UC8CSt-oVqy8pUAoKSApTxQw,Los Angeles Lakers,LUKA DONČIĆ: ALL-NBA FIRST TEAM #Lakers,Subscribe for the latest Lakers' content: https://www.youtube.com/channel/UC8CSt-oVqy8pUAoKSApTxQw.,2026-05-24T23:55:23Z,2026-05-24,23,2026-05-01,PT21S,Shorts,Star Player,15036,624,30,624,30,654,0.04349561053471668,41.50039904229848,1.9952114924181963,1156.6153846153845,28,0.49107142857142855,0.5357142857142857,0.3928571428571429,0.07142857142857142,Positive,Standard
x5kjIwZ3-Kw,Los Angeles Lakers,LAL,West,Los Angeles Lakers,UC8CSt-oVqy8pUAoKSApTxQw,Los Angeles Lakers,Luka Dončić's BEST Plays from the 2025-2026 Season,"Luka Dončić has been announced 'First Team All-NBA'. Deep threes, insane shots, and elite-level passing -- Luka was ...",2026-05-24T23:24:17Z,2026-05-24,23,2026-05-01,PT11M35S,Highlights/Recap,Star Player,68033,1661,111,1661,111,1772,0.02604618346978672,24.414622315640937,1.6315611541457822,5233.307692307692,50,0.127,0.36,0.32,0.32,Neutral,Standard
CL9f8bd6ilQ,Los Angeles Lakers,LAL,West,Los Angeles Lakers,UC8CSt-oVqy8pUAoKSApTxQw,Los Angeles Lakers,Lakers Press Conference: Rob Pelinka & JJ Redick,Rob Pelinka and JJ Redick speak to media following the conclusion of the Lakers' 2025-26 season. Subscribe for the latest ...,2026-05-12T19:37:45Z,2026-05-12,19,2026-05-01,PT36M37S,Interview/Press,General Team Content,28189,568,142,568,142,710,0.02518712973145553,20.149703785164423,5.037425946291106,1127.56,50,0.559,0.58,0.22,0.2,Positive,Standard
VwJm53flhBo,Los Angeles Lakers,LAL,West,Los Angeles Lakers,UC8CSt-oVqy8pUAoKSApTxQw,Los Angeles Lakers,Lakers Press Conference: Rob Pelinka & JJ Redick,Subscribe for the latest Lakers' content: https://www.youtube.com/channel/UC8CSt-oVqy8pUAoKSApTxQw Follow us on ...,2026-05-12T18:26:23Z,2026-05-12,18,2026-05-01,PT36M39S,Interview/Press,General Team Content,32955,712,123,712,123,835,0.025337581550599304,21.605219238355335,3.732362312243969,1318.2,50,0.715,0.6,0.24,0.16,Positive,Standard
ARJ6yxqB43Q,Los Angeles Lakers,LAL,West,Los Angeles Lakers,UC8CSt-oVqy8pUAoKSApTxQw,Los Angeles Lakers,Jaxson Hayes brings the ENERGY #NBAPlayoffs #Lakers,Subscribe for the latest Lakers' content: https://www.youtube.com/channel/UC8CSt-oVqy8pUAoKSApTxQw.,2026-05-12T04:50:23Z,2026-05-12,4,2026-05-01,PT10S,Shorts,Playoff Stakes,36292,802,56,802,56,858,0.02364157390058415,22.098534112201037,1.5430397883831148,1451.68,26,0.1826923076923077,0.3076923076923077,0.38461538461538464,0.3076923076923077,Positive,Standard
3P4xksVcNBQ,Los Angeles Lakers,LAL,West,Los Angeles Lakers,UC8CSt-oVqy8pUAoKSApTxQw,Los Angeles Lakers,Inside Access: Lakers Playoffs Practice,"Go inside the gym with LeBron, Austin, and the Los Angeles Lakers as they prepare for the Oklahoma City Thunder. Subscribe for ...",2026-05-11T17:19:17Z,2026-05-11,17,2026-05-01,PT2M39S,Behind the Scenes,Playoff Stakes,13272,395,77,395,77,472,0.03556359252561784,29.76190476190476,5.801687763713081,510.46153846153845,45,0.32222222222222224,0.4222222222222222,0.4222222222222222,0.15555555555555556,Positive,Standard
KcqTZbSFZH4,Los Angeles Lakers,LAL,West,Los Angeles Lakers,UC8CSt-oVqy8pUAoKSApTxQw,Los Angeles Lakers,Austin with the SLAM #lakers #NBAPlayoffs,Subscribe for the latest Lakers' content: https://www.youtube.com/channel/UC8CSt-oVqy8pUAoKSApTxQw.,2026-05-10T01:36:34Z,2026-05-10,1,2026-05-01,PT9S,Shorts,Playoff Stakes,31917,792,49,792,49,841,0.026349594260112165,24.81436225209136,1.535232008020804,1182.111111111111,30,-0.26,0.2,0.36666666666666664,0.43333333333333335,Negative,High Negative Sentiment
raoA-VLPi8o,Los Angeles Lakers,LAL,West,Los Angeles Lakers,UC8CSt-oVqy8pUAoKSApTxQw,Los Angeles Lakers,Reps from deep 🎯 #lakers #NBAplayoffs,NA,2026-05-10T00:22:19Z,2026-05-10,0,2026-05-01,PT29S,Shorts,Playoff Stakes,23921,618,28,618,28,646,0.027005559968228753,25.835040341122863,1.1705196271058902,885.9629629629629,20,0.185,0.35,0.5,0.15,Positive,Standard
IxiUCvrhREk,Los Angeles Lakers,LAL,West,Los Angeles Lakers,UC8CSt-oVqy8pUAoKSApTxQw,Los Angeles Lakers,10000 IQ play from Austin and LeBron #lakers #NBAPlayoffs,NA,2026-05-08T03:06:13Z,2026-05-08,3,2026-05-01,PT12S,Shorts,Playoff Stakes,50528,959,43,959,43,1002,0.019830588980367322,18.97957568081064,0.8510132995566814,1742.344827586207,25,0.02200000000000003,0.32,0.44,0.24,Neutral,Standard
tjV5glj7PbQ,Los Angeles Lakers,LAL,West,Los Angeles Lakers,UC8CSt-oVqy8pUAoKSApTxQw,Los Angeles Lakers,Rui’s making it rain👌 #lakers,NA,2026-05-08T03:03:10Z,2026-05-08,3,2026-05-01,PT13S,Shorts,General Team Content,25451,723,19,723,19,742,0.02915406074417508,28.407528191426664,0.7465325527484185,877.6206896551724,15,0.07666666666666667,0.3333333333333333,0.4666666666666667,0.2,Neutral,Standard
jw9aY-tR-Lc,Los Angeles Lakers,LAL,West,Los Angeles Lakers,UC8CSt-oVqy8pUAoKSApTxQw,Los Angeles Lakers,LeBron James breaks away for the SLAM #NBAPlayoffs,Subscribe for the latest Lakers' content: https://www.youtube.com/channel/UC8CSt-oVqy8pUAoKSApTxQw.,2026-05-06T01:09:16Z,2026-05-06,1,2026-05-01,PT8S,Shorts,Playoff Stakes,47229,1160,55,1160,55,1215,0.025725719367337866,24.561180630544794,1.164538736793072,1523.516129032258,31,0.17258064516129032,0.3548387096774194,0.4516129032258064,0.1935483870967742,Positive,Standard
pSTNuSap_l8,Los Angeles Lakers,LAL,West,Los Angeles Lakers,UC8CSt-oVqy8pUAoKSApTxQw,Los Angeles Lakers,Pregame reps with LeBron in Oklahoma City #lakers #NBAPlayoffs,Subscribe for the latest Lakers' content: https://www.youtube.com/channel/UC8CSt-oVqy8pUAoKSApTxQw.,2026-05-06T00:05:46Z,2026-05-06,0,2026-05-01,PT25S,Shorts,Playoff Stakes,23566,836,26,836,26,862,0.036578121021811086,35.47483662904184,1.1032843927692437,760.1935483870968,20,0.225,0.35,0.4,0.25,Positive,Standard
XMNTcrmk4j0,Los Angeles Lakers,LAL,West,Los Angeles Lakers,UC8CSt-oVqy8pUAoKSApTxQw,Los Angeles Lakers,Lakers 2026 Playoff Hype | Repetition Reveals Greatness,"The Los Angeles Lakers prepare for the Western Conference Semifinals against the Oklahoma City Thunder. LeBron, Austin, JJ ...",2026-05-05T15:00:56Z,2026-05-05,15,2026-05-01,PT53S,Shorts,Playoff Stakes,267463,455,54,455,54,509,0.0019030669662719703,1.7011698814415452,0.20189708483042515,8358.21875,49,0.186734693877551,0.40816326530612246,0.32653061224489793,0.2653061224489796,Positive,Standard
1le07UGVq2A,Los Angeles Lakers,LAL,West,Los Angeles Lakers,UC8CSt-oVqy8pUAoKSApTxQw,Los Angeles Lakers,Surprised the squad with frames from Round 1 of the NBA Playoffs #Lakers,Subscribe for the latest Lakers' content: https://www.youtube.com/channel/UC8CSt-oVqy8pUAoKSApTxQw.,2026-05-05T01:15:00Z,2026-05-05,1,2026-05-01,PT21S,Shorts,Playoff Stakes,168170,4137,88,4137,88,4225,0.025123387048819647,24.600107034548373,0.523280014271273,5255.3125,49,0.376530612244898,0.5102040816326531,0.42857142857142855,0.06122448979591836,Positive,Standard
_-pAu0_7BCg,Los Angeles Lakers,LAL,West,Los Angeles Lakers,UC8CSt-oVqy8pUAoKSApTxQw,Los Angeles Lakers,Luke hit HOW MANY threes in a row? #lakers #NBAPlayoffs,Subscribe for the latest Lakers' content: https://www.youtube.com/channel/UC8CSt-oVqy8pUAoKSApTxQw.,2026-05-04T22:15:02Z,2026-05-04,22,2026-05-01,PT43S,Shorts,Playoff Stakes,22777,837,37,837,37,874,0.0383720419721649,36.747596259384466,1.6244457127804364,690.2121212121212,28,-0.01785714285714285,0.25,0.5714285714285714,0.17857142857142858,Neutral,Standard
Ttn--YeN86E,Los Angeles Lakers,LAL,West,Los Angeles Lakers,UC8CSt-oVqy8pUAoKSApTxQw,Los Angeles Lakers,Marcus Smart is made for the Playoffs #lakers #NBA,Subscribe for the latest Lakers' content: https://www.youtube.com/channel/UC8CSt-oVqy8pUAoKSApTxQw.,2026-05-04T20:08:25Z,2026-05-04,20,2026-05-01,PT59S,Shorts,Playoff Stakes,23606,1118,28,1118,28,1146,0.04854697958146234,47.36084046428874,1.1861391171736,715.3333333333334,26,0.5692307692307692,0.6153846153846154,0.34615384615384615,0.03846153846153846,Positive,Standard
bbVyHwOi92w,Los Angeles Lakers,LAL,West,Los Angeles Lakers,UC8CSt-oVqy8pUAoKSApTxQw,Los Angeles Lakers,How Marcus Smart is Setting the Tone for the Lakers in the Playoffs,"Marcus Smart sits down for an exclusive BTS interview during the NBA Playoffs, discussing his veteran leadership, playing with ...",2026-05-04T20:00:56Z,2026-05-04,20,2026-05-01,PT5M53S,Other,Playoff Stakes,165514,1028,78,1028,78,1106,0.006682214193361287,6.210954964534722,0.47125922882656457,5015.575757575758,50,0.496,0.7,0.2,0.1,Positive,Standard
f-4fws3zf3A,Golden State Warriors,GSW,West,Golden State Warriors,UCeYc_OjHs3QNxIjti2whKzg,Golden State Warriors,"Stephen Curry's 2025-26 Season, Except It's Just the Memes 🤣",Stephen Curry is iconic on and off the court. Take a look back at his funniest moments from the 2025-26 NBA season.,2026-05-29T16:15:32Z,2026-05-29,16,2026-05-01,PT6M20S,Other,Star Player,8130,414,19,414,19,433,0.053259532595325954,50.92250922509225,2.337023370233702,1016.25,15,0.6966666666666667,0.8666666666666667,0.06666666666666667,0.06666666666666667,Positive,Standard
xWkbIrVYaz8,Golden State Warriors,GSW,West,Golden State Warriors,UCeYc_OjHs3QNxIjti2whKzg,Golden State Warriors,Stephen Curry Core 🤣 | #shorts,NA,2026-05-29T16:15:31Z,2026-05-29,16,2026-05-01,PT44S,Shorts,Star Player,246388,10367,68,10367,68,10435,0.042351900254882544,42.075912787960455,0.27598746692209036,30798.5,46,0.175,0.2826086956521739,0.6086956521739131,0.10869565217391304,Positive,Standard
lfoK5vSO8rc,Golden State Warriors,GSW,West,Golden State Warriors,UCeYc_OjHs3QNxIjti2whKzg,Golden State Warriors,The 55th Pick in the Draft Wasn't Supposed To Be THIS Good,"From Brazil to the Bay, Gui Santos has made a name for himself as a crucial part of the Warriors' rotation. Learn how Gui leveled ...",2026-05-26T22:00:06Z,2026-05-26,22,2026-05-01,PT10M18S,Other,Rookie/Development,44487,4379,205,4379,205,4584,0.10304133791894261,98.43325016296896,4.6080877559736555,4044.2727272727275,50,0.53,0.4,0.54,0.06,Positive,High Engagement
uh-MW8UydIg,Golden State Warriors,GSW,West,Golden State Warriors,UCeYc_OjHs3QNxIjti2whKzg,Golden State Warriors,EVERY Pat Spencer Bucket of His Breakout 2025-26 Season,Pat Spencer had himself a year for the Golden State Warriors. Take a look back at EVERY made basket from him in his breakout ...,2026-05-21T20:00:35Z,2026-05-21,20,2026-05-01,PT35M59S,Other,General Team Content,3650,185,27,185,27,212,0.05808219178082192,50.68493150684932,7.397260273972602,228.125,11,0.14545454545454545,0.3636363636363637,0.4545454545454546,0.18181818181818185,Neutral,Standard
Yzf-NSLgMpI,Golden State Warriors,GSW,West,Golden State Warriors,UCeYc_OjHs3QNxIjti2whKzg,Golden State Warriors,Gui Santos' Journey Has Been Special to Watch | #shorts,"Every step, every rep, every moment. Gui's journey has been special to watch.",2026-05-19T18:13:24Z,2026-05-19,18,2026-05-01,PT1M3S,Shorts,General Team Content,20267,1939,9,1939,9,1948,0.096116840183549615,95.67276853999111,0.4440716435584941,1125.9444444444443,9,0.3388888888888889,0.5555555555555556,0.3333333333333333,0.1111111111111111,Positive,High Engagement
8T9wY4LsP0I,Golden State Warriors,GSW,West,Golden State Warriors,UCeYc_OjHs3QNxIjti2whKzg,Golden State Warriors,Steve Kerr Press Conference on Re-Signing with the Warriors,Steve Kerr spoke with the media on his return to coach the Golden State Warriors and his expectations for the 2026-27 season ...,2026-05-15T22:55:09Z,2026-05-15,22,2026-05-01,PT36M33S,Interview/Press,Coach/Leadership,58748,1181,307,1181,307,1488,0.025328521822019473,20.102812010621637,5.225709811397834,2670.3636363636365,50,0.717,0.7,0.16,0.14,Positive,Standard
dICaX7cjeYQ,Golden State Warriors,GSW,West,Golden State Warriors,UCeYc_OjHs3QNxIjti2whKzg,Golden State Warriors,Mike Dunleavy Press Conference | Offseason Preview,"Golden State Warriors General Manager Mike Dunleavy spoke with the media to talk Steve Kerr's return, the 11th pick in the draft ...",2026-05-15T22:13:43Z,2026-05-15,22,2026-05-01,PT21M22S,Interview/Press,General Team Content,16130,325,129,325,129,454,0.02814631122132672,20.148791072535648,7.9975201487910725,733.1818181818181,50,0.329,0.48,0.18,0.34,Positive,High Negative Sentiment
habC39Drt_Q,Golden State Warriors,GSW,West,Golden State Warriors,UCeYc_OjHs3QNxIjti2whKzg,Golden State Warriors,Mo Money is Always Ready 👀 | #shorts,NA,2026-05-15T18:36:51Z,2026-05-15,18,2026-05-01,PT55S,Shorts,General Team Content,14637,1418,17,1418,17,1435,0.09803921568627451,96.87777550044407,1.1614401858304297,665.3181818181819,14,0.03928571428571426,0.35714285714285715,0.21428571428571427,0.42857142857142855,Neutral,High Engagement / High Negative Sentiment
wBY5a-aclEw,Golden State Warriors,GSW,West,Golden State Warriors,UCeYc_OjHs3QNxIjti2whKzg,Golden State Warriors,Will Richard SHOWED OUT in Year One | Rookie Season Highlights,Take a look back at some of the best moments of Will Richard's rookie season!,2026-05-14T16:01:34Z,2026-05-14,16,2026-05-01,PT8M19S,Highlights/Recap,Rookie/Development,11756,434,44,434,44,478,0.04066008846546444,36.917318815923785,3.74276964954066,511.1304347826087,28,0.5750000000000001,0.5357142857142857,0.32142857142857145,0.14285714285714285,Positive,Standard
S0Z_d5zEL-A,Golden State Warriors,GSW,West,Golden State Warriors,UCeYc_OjHs3QNxIjti2whKzg,Golden State Warriors,Our Coach Steve Kerr is BACK | #shorts,NA,2026-05-13T16:52:06Z,2026-05-13,16,2026-05-01,PT11S,Shorts,Coach/Leadership,52488,1961,53,1961,53,2014,0.03837067520195092,37.360920591373265,1.0097546105776558,2187,42,0.1976190476190476,0.3333333333333333,0.5,0.16666666666666666,Positive,Standard
g86K2zEkctQ,Golden State Warriors,GSW,West,Golden State Warriors,UCeYc_OjHs3QNxIjti2whKzg,Golden State Warriors,The Best of Gary Payton II on the Mic 🤣 | #shorts,NA,2026-05-11T23:00:44Z,2026-05-11,23,2026-05-01,PT1M23S,Shorts,General Team Content,28488,2324,18,2324,18,2342,0.08221005335579894,81.57820836843584,0.6318449873631002,1095.6923076923076,17,0.3852941176470589,0.4117647058823529,0.4705882352941176,0.1176470588235294,Positive,Standard
jhcCk-EtAeQ,Golden State Warriors,GSW,West,Golden State Warriors,UCeYc_OjHs3QNxIjti2whKzg,Golden State Warriors,Stephen Curry Putting on a Show at the 2009 NBA Draft Combine | #shorts,NA,2026-05-11T20:30:10Z,2026-05-11,20,2026-05-01,PT58S,Shorts,Star Player,33525,1938,39,1938,39,1977,0.058970917225950784,57.8076062639821,1.1633109619686801,1289.423076923077,22,0.5045454545454545,0.5909090909090909,0.3636363636363637,0.04545454545454545,Positive,Standard
Lx8Tig9-Tak,Golden State Warriors,GSW,West,Golden State Warriors,UCeYc_OjHs3QNxIjti2whKzg,Golden State Warriors,Gary Payton II’s CRAZIEST Career Dunks,Gary Payton II dunks hit different ‍  .,2026-05-11T19:15:00Z,2026-05-11,19,2026-05-01,PT9M10S,Other,General Team Content,10803,426,24,426,24,450,0.04165509580672035,39.4334906970286,2.2216051096917524,415.5,23,0.19130434782608696,0.43478260869565216,0.34782608695652173,0.21739130434782608,Positive,Standard
izEEuo8wHQQ,Golden State Warriors,GSW,West,Golden State Warriors,UCeYc_OjHs3QNxIjti2whKzg,Golden State Warriors,Steph Curry’s Unanimous MVP Season Was Legendary,"10 years later, take a look back at the TOP HIGHLIGHTS from Stephen Curry's unanimous 2015-16 MVP season. Curry averaged ...",2026-05-10T14:30:30Z,2026-05-10,14,2026-05-01,PT32M58S,Other,Star Player,151636,2584,92,2584,92,2676,0.01764752433459073,17.04080825133873,0.6067160832519981,5616.148148148148,50,0.312,0.5,0.32,0.18,Positive,Standard
goLdLac-5fA,Golden State Warriors,GSW,West,Golden State Warriors,UCeYc_OjHs3QNxIjti2whKzg,Golden State Warriors,The OT Game Where Steph Curry Made a STATEMENT 🗣️ | #shorts,"Ten years ago today, Stephen came off the bench to score 40 points, including 17 in OT to win Game 4 of the Western Conference ...",2026-05-09T16:01:09Z,2026-05-09,16,2026-05-01,PT30S,Shorts,Star Player,21801,1534,20,1534,20,1554,0.07128113389294069,70.36374478234943,0.9173891105912573,778.6071428571429,14,0.6535714285714286,0.6428571428571429,0.2857142857142857,0.07142857142857142,Positive,Standard
DuK0_1ILAe8,Golden State Warriors,GSW,West,Golden State Warriors,UCeYc_OjHs3QNxIjti2whKzg,Golden State Warriors,"When Stephen Curry Scored the Most Overtime Points in NBA History 🤯 | May 9, 2016","10 years ago today, Stephen Curry returned from injury and dropped 40 points, including 17 in overtime, in an unforgettable ...",2026-05-09T16:00:18Z,2026-05-09,16,2026-05-01,PT3M22S,Other,Star Player,5596,250,20,250,20,270,0.048248749106504646,44.674767691208004,3.5739814152966405,199.85714285714286,17,0.4647058823529412,0.4705882352941176,0.4705882352941176,0.0588235294117647,Positive,Standard
p19p99mO0to,Golden State Warriors,GSW,West,Golden State Warriors,UCeYc_OjHs3QNxIjti2whKzg,Golden State Warriors,Golden State Warriors Best Moments in the Clutch | 2025-26 Season,The best moments in the clutch. @EPICBrokers || Season Rewind.,2026-05-08T18:27:20Z,2026-05-08,18,2026-05-01,PT5M47S,Other,General Team Content,7622,300,11,300,11,311,0.04080293886119129,39.359748097612176,1.4431907635791132,262.82758620689657,9,0.25555555555555554,0.4444444444444444,0.4444444444444444,0.1111111111111111,Positive,Standard
cus65qbLWFQ,Golden State Warriors,GSW,West,Golden State Warriors,UCeYc_OjHs3QNxIjti2whKzg,Golden State Warriors,These Top 5 Stephen Celebrations are Iconic | #shorts,"Call em art, call em celebrations, Stephen's got some of the best reactions.",2026-05-07T17:46:10Z,2026-05-07,17,2026-05-01,PT18S,Shorts,Star Player,19312,896,17,896,17,913,0.047276304888152446,46.396023198011605,0.8802816901408451,643.7333333333333,13,0.5807692307692308,0.5384615384615384,0.3076923076923077,0.15384615384615383,Positive,Standard
b1WawnICIhk,Golden State Warriors,GSW,West,Golden State Warriors,UCeYc_OjHs3QNxIjti2whKzg,Golden State Warriors,TOP 20 Plays of the 2025-26 Golden State Warriors Season,"Dunks, dishes, defense, Dubs Counting down the top 20 plays of the year. @EPICBrokers || Season Rewind.",2026-05-06T19:30:06Z,2026-05-06,19,2026-05-01,PT8M45S,Other,General Team Content,11610,440,13,440,13,453,0.03901808785529716,37.89836347975883,1.119724375538329,374.51612903225805,13,0.8807692307692307,0.4615384615384616,0.4615384615384616,0.07692307692307693,Positive,Standard
_5ipSl3LQ1E,Golden State Warriors,GSW,West,Golden State Warriors,UCeYc_OjHs3QNxIjti2whKzg,Golden State Warriors,Gary Payton II is A Man of the People | #shorts,Wholesome moments with GPII.,2026-05-05T21:18:35Z,2026-05-05,21,2026-05-01,PT24S,Shorts,General Team Content,25895,1151,24,1151,24,1175,0.04537555512647229,44.448735277080516,0.9268198493917744,809.21875,20,0.6175,0.55,0.4,0.05,Positive,Standard
L1ZA1SzSsTE,New York Knicks,NYK,East,New York Knicks,UC0hb8f0OXHEzDrJDUq-YVVw,New York Knicks,Steve Novak hopped on the hoop bus to make sure fans were in their bag for the finals @DoorDash,NA,2026-06-02T21:33:00Z,2026-06-02,21,2026-06-01,PT2M33S,Other,Playoff Stakes,2209,235,11,235,11,246,0.11136260751471254,106.38297872340425,4.979628791308285,552.25,9,0.1,0.3333333333333333,0.5555555555555556,0.1111111111111111,Neutral,High Engagement
KnJVPz0opIA,New York Knicks,NYK,East,New York Knicks,UC0hb8f0OXHEzDrJDUq-YVVw,New York Knicks,looking back at the 1994 Knicks Finals run #nba #nyknicks #nbaplayoffs,NA,2026-05-31T18:15:57Z,2026-05-31,18,2026-05-01,PT53S,Shorts,Playoff Stakes,10508,736,19,736,19,755,0.07185001903311762,70.04187285877427,1.8081461743433576,1751.3333333333333,17,0.2147058823529412,0.4705882352941176,0.4117647058823529,0.1176470588235294,Positive,Standard
w-lR7LsE07c,New York Knicks,NYK,East,New York Knicks,UC0hb8f0OXHEzDrJDUq-YVVw,New York Knicks,time to get after it. #nba #nyknicks #nbaplayoffs,NA,2026-05-30T19:02:54Z,2026-05-30,19,2026-05-01,PT36S,Shorts,Playoff Stakes,14267,1223,48,1223,48,1271,0.08908670358169202,85.72229620803253,3.364407373659494,2038.142857142857,26,0.5288461538461539,0.5,0.4615384615384616,0.03846153846153846,Positive,Standard
cwEkOVesf6Q,New York Knicks,NYK,East,New York Knicks,UC0hb8f0OXHEzDrJDUq-YVVw,New York Knicks,4 More to Go. ECF Recap | All-Access,"The Knicks stayed locked in through the Eastern Conference Finals, beating the Cleveland Cavaliers in four games. Led by Jalen ...",2026-05-30T18:00:06Z,2026-05-30,18,2026-05-01,PT14M40S,Highlights/Recap,Playoff Stakes,97170,3197,189,3197,189,3386,0.03484614592981373,32.90110116291036,1.9450447669033653,13881.42857142857,49,0.6826530612244898,0.5510204081632653,0.32653061224489793,0.12244897959183672,Positive,Standard
bzcC4D-qdOo,New York Knicks,NYK,East,New York Knicks,UC0hb8f0OXHEzDrJDUq-YVVw,New York Knicks,og been HOOPIN 😤 #nba #nyknicks #nbaplayoffs,NA,2026-05-27T19:25:45Z,2026-05-27,19,2026-05-01,PT1M12S,Other,Playoff Stakes,19134,1525,74,1525,74,1599,0.08356851677641894,79.70105571234453,3.8674610640744223,1913.4,50,0.385,0.58,0.32,0.1,Positive,Standard
nhduWX5ICYQ,New York Knicks,NYK,East,New York Knicks,UC0hb8f0OXHEzDrJDUq-YVVw,New York Knicks,landry made an IMPACT in the ECF 😮‍💨 #nba #nyknicks #nbaplayoffs #landryshamet,NA,2026-05-27T17:21:13Z,2026-05-27,17,2026-05-01,PT1M32S,Other,Playoff Stakes,33316,1792,50,1792,50,1842,0.05528875015007804,53.78796974426702,1.5007804058110217,3331.6,38,0.5157894736842106,0.5,0.3157894736842105,0.18421052631578944,Positive,Standard
oN9WqbdC_PI,New York Knicks,NYK,East,New York Knicks,UC0hb8f0OXHEzDrJDUq-YVVw,New York Knicks,Eleven straight wins. Still hungry for more. #nba #nyknicks #nbaplayoffs,NA,2026-05-27T14:34:15Z,2026-05-27,14,2026-05-01,PT1M16S,Other,Playoff Stakes,11835,1136,26,1136,26,1162,0.09818335445711872,95.98648077735531,2.1968736797634136,1183.5,20,0.1825,0.45,0.35,0.2,Positive,High Engagement
XW9OomMrhd8,New York Knicks,NYK,East,New York Knicks,UC0hb8f0OXHEzDrJDUq-YVVw,New York Knicks,not done yet. #nba #nyknicks #nbaplayoffs,NA,2026-05-27T00:30:52Z,2026-05-27,0,2026-05-01,PT1M39S,Other,Playoff Stakes,122596,8773,337,8773,337,9110,0.07430911285849456,71.56024666383895,2.7488661946556165,12259.6,50,0.637,0.6,0.38,0.02,Positive,Standard
T9ekuvZryKc,New York Knicks,NYK,East,New York Knicks,UC0hb8f0OXHEzDrJDUq-YVVw,New York Knicks,Knicks fans came dripped out to game 4 😮‍💨 #nba #nyknicks,NA,2026-05-26T19:02:43Z,2026-05-26,19,2026-05-01,PT46S,Shorts,General Team Content,28559,1125,23,1125,23,1148,0.04019748590636927,39.392135578976855,0.8053503273924157,2596.2727272727275,16,0.409375,0.5,0.5,0,Positive,Standard
cy6axj2AFQI,New York Knicks,NYK,East,New York Knicks,UC0hb8f0OXHEzDrJDUq-YVVw,New York Knicks,Dunkanoby™ #nyknicks #nba #basketballshorts #oganunoby #dunk,NA,2026-05-26T17:06:25Z,2026-05-26,17,2026-05-01,PT11S,Shorts,General Team Content,5006,296,11,296,11,307,0.06132640831002797,59.12904514582501,2.1973631642029563,455.09090909090907,10,0.2,0.4,0.6,0,Positive,Standard
0CgUf0Pr8o4,New York Knicks,NYK,East,New York Knicks,UC0hb8f0OXHEzDrJDUq-YVVw,New York Knicks,🎱 put on a dunking clinic in game 4 #nba #nyknicks #nbaplayoffs #oganunoby,NA,2026-05-26T15:22:16Z,2026-05-26,15,2026-05-01,PT1M11S,Other,Playoff Stakes,15566,939,28,939,28,967,0.06212257484260568,60.323782603109336,1.798792239496338,1415.090909090909,25,-0.032,0.36,0.28,0.36,Neutral,High Negative Sentiment
o3AH3OprnBU,New York Knicks,NYK,East,New York Knicks,UC0hb8f0OXHEzDrJDUq-YVVw,New York Knicks,"Knicks Beat the Cavs in Four to Advance to NBA Finals | May 25, 2026",The New York Knicks defeat the Cleveland Cavaliers 130-93 in Game 4 of the Eastern Conference Finals winning the series 4-0.,2026-05-26T14:35:38Z,2026-05-26,14,2026-05-01,PT5M1S,Other,Playoff Stakes,8301,307,22,307,22,329,0.039633779062763524,36.98349596434165,2.650283098421877,754.6363636363636,18,0.37222222222222223,0.6666666666666666,0.2777777777777778,0.05555555555555555,Positive,Standard
AM0X3Z4nAhg,New York Knicks,NYK,East,New York Knicks,UC0hb8f0OXHEzDrJDUq-YVVw,New York Knicks,Job’s not done.  #nba #newyorkknicks #basketball #sports,NA,2026-05-26T04:12:29Z,2026-05-26,4,2026-05-01,PT37S,Shorts,Team Identity,183418,6483,201,6483,201,6684,0.03644135253900926,35.345494989586626,1.0958575494226301,16674.363636363636,50,0.747,0.7,0.28,0.02,Positive,Standard
FVQF1FZn_xM,New York Knicks,NYK,East,New York Knicks,UC0hb8f0OXHEzDrJDUq-YVVw,New York Knicks,DUNK of the series 🤯 #nba #sports #highlights,NA,2026-05-26T02:03:36Z,2026-05-26,2,2026-05-01,PT9S,Shorts,Playoff Stakes,58188,1464,43,1464,43,1507,0.02589881075135767,25.159826768405857,0.7389839829518113,5289.818181818182,34,0.05147058823529412,0.2352941176470588,0.5,0.2647058823529412,Neutral,Standard
bM2s3ejZiQg,New York Knicks,NYK,East,New York Knicks,UC0hb8f0OXHEzDrJDUq-YVVw,New York Knicks,OG SLAMS it on 2 Cavs players 🤯 #nba #sports #highlights,NA,2026-05-26T00:41:42Z,2026-05-26,0,2026-05-01,PT7S,Shorts,General Team Content,31638,795,27,795,27,822,0.025981414754409255,25.128010620140337,0.8534041342689171,2876.181818181818,21,0.06190476190476191,0.23809523809523808,0.6190476190476191,0.14285714285714285,Neutral,Standard
WU0KrnYXVI8,New York Knicks,NYK,East,New York Knicks,UC0hb8f0OXHEzDrJDUq-YVVw,New York Knicks,focused on the details. #nyknicks #nba #basketballshorts,NA,2026-05-25T20:56:43Z,2026-05-25,20,2026-05-01,PT39S,Shorts,General Team Content,8932,938,27,938,27,965,0.108038513210927,105.01567398119123,3.0228392297357813,744.3333333333334,21,0.02857142857142857,0.1904761904761905,0.7142857142857143,0.09523809523809525,Neutral,High Engagement
2hUV_BjIQiQ,New York Knicks,NYK,East,New York Knicks,UC0hb8f0OXHEzDrJDUq-YVVw,New York Knicks,not done working #nba #nyknicks #nbaplayoffs,NA,2026-05-24T22:50:08Z,2026-05-24,22,2026-05-01,PT1M21S,Other,Playoff Stakes,41260,3451,138,3451,138,3589,0.0869849733397964,83.64032961706252,3.3446437227338826,3173.846153846154,50,0.613,0.5,0.48,0.02,Positive,Standard
FmjVswNGVxI,New York Knicks,NYK,East,New York Knicks,UC0hb8f0OXHEzDrJDUq-YVVw,New York Knicks,JB put on the brakes ⚠️ #nba #nyknicks #nbaplayoffs #jalenbrunson,NA,2026-05-24T20:10:18Z,2026-05-24,20,2026-05-01,PT6S,Shorts,Playoff Stakes,14367,919,29,919,29,948,0.06598454792232199,63.966033270689785,2.0185146516322123,1105.1538461538462,19,0.1763157894736842,0.21052631578947367,0.6842105263157895,0.10526315789473684,Positive,Standard
tNSqPh2fd6o,New York Knicks,NYK,East,New York Knicks,UC0hb8f0OXHEzDrJDUq-YVVw,New York Knicks,brotherly love for cap 🫡 #nba #nyknicks #nbaplayoffs,NA,2026-05-24T15:38:43Z,2026-05-24,15,2026-05-01,PT30S,Shorts,Playoff Stakes,58945,1890,42,1890,42,1932,0.03277631690558996,32.063788277207564,0.7125286283823903,4534.2307692307695,39,0.27179487179487183,0.4615384615384616,0.4358974358974359,0.10256410256410256,Positive,Standard
WWoRxuVncDU,New York Knicks,NYK,East,New York Knicks,UC0hb8f0OXHEzDrJDUq-YVVw,New York Knicks,LAN-SANITY CONTINUES 😤 #nyknicks #nba #basketballshorts #landryshamet,NA,2026-05-24T04:12:15Z,2026-05-24,4,2026-05-01,PT38S,Shorts,General Team Content,51081,1695,58,1695,58,1753,0.034318043891074956,33.1825923533212,1.1354515377537635,3929.3076923076924,42,0.13214285714285717,0.2619047619047619,0.5714285714285714,0.16666666666666666,Neutral,Standard
GrXRmXtzFNI,Oklahoma City Thunder,OKC,West,Oklahoma City Thunder,UCpXdQhy6kb5CTD8hKlmOL3w,Oklahoma City Thunder,Nothing but love for Loud City 🫶  #okcthunder,NA,2026-05-31T22:14:26Z,2026-05-31,22,2026-05-01,PT1M34S,Other,General Team Content,8913,NA,66,0,66,66,0.007404914170313026,0,7.404914170313026,1485.5,37,0.40945945945945944,0.5405405405405406,0.3783783783783784,0.08108108108108109,Positive,Standard
LB9vkoetziM,Oklahoma City Thunder,OKC,West,Oklahoma City Thunder,UCpXdQhy6kb5CTD8hKlmOL3w,Oklahoma City Thunder,Thomas Sorber | 2025-26 End-of-Season Interviews | OKC Thunder,Thomas Sorber speaks with the media at end-of-season interviews. Subscribe To Thunder YouTube: https://bit.ly/3BvOjg9 Follow ...,2026-05-31T22:00:37Z,2026-05-31,22,2026-05-01,PT5M29S,Interview/Press,General Team Content,5734,NA,41,0,41,41,0.007150331356818975,0,7.150331356818975,955.6666666666666,26,0.4653846153846154,0.5384615384615384,0.3076923076923077,0.15384615384615383,Positive,Standard
32iDtln2_BY,Oklahoma City Thunder,OKC,West,Oklahoma City Thunder,UCpXdQhy6kb5CTD8hKlmOL3w,Oklahoma City Thunder,Nikola Topić | 2025-26 End-of-Season Interviews | OKC Thunder,Nikola Topić speaks with the media at end-of-season interviews. Subscribe To Thunder YouTube: https://bit.ly/3BvOjg9 Follow Our ...,2026-05-31T21:45:29Z,2026-05-31,21,2026-05-01,PT4M5S,Interview/Press,General Team Content,2434,NA,33,0,33,33,0.013557929334428924,0,13.557929334428923,405.6666666666667,12,0.14583333333333334,0.4166666666666667,0.08333333333333333,0.5,Neutral,High Negative Sentiment
5cdnDPuOOPc,Oklahoma City Thunder,OKC,West,Oklahoma City Thunder,UCpXdQhy6kb5CTD8hKlmOL3w,Oklahoma City Thunder,Jared McCain | 2025-26 End-of-Season Interviews | OKC Thunder,Jared McCain speaks with the media at end-of-season interviews. Subscribe To Thunder YouTube: https://bit.ly/3BvOjg9 Follow ...,2026-05-31T21:38:56Z,2026-05-31,21,2026-05-01,PT11M26S,Interview/Press,General Team Content,18032,NA,136,0,136,136,0.0075421472937000885,0,7.542147293700088,3005.3333333333335,50,1.502,0.9,0.06,0.04,Positive,Standard
iN9qNGIKcLA,Oklahoma City Thunder,OKC,West,Oklahoma City Thunder,UCpXdQhy6kb5CTD8hKlmOL3w,Oklahoma City Thunder,Ajay Mitchell | 2025-26 End-of-Season Interviews | OKC Thunder,Ajay Mitchell speaks with the media at end-of-season interviews. Subscribe To Thunder YouTube: https://bit.ly/3BvOjg9 Follow ...,2026-05-31T19:58:19Z,2026-05-31,19,2026-05-01,PT8M44S,Interview/Press,General Team Content,6502,NA,31,0,31,31,0.004767763764995386,0,4.767763764995386,1083.6666666666667,26,1.2615384615384615,0.6923076923076923,0.2307692307692308,0.07692307692307693,Positive,Standard
SyA-1IXD4j0,Oklahoma City Thunder,OKC,West,Oklahoma City Thunder,UCpXdQhy6kb5CTD8hKlmOL3w,Oklahoma City Thunder,Jaylin Williams | 2025-26 End-of-Season Interviews | OKC Thunder,Jaylin Williams speaks with the media at end-of-season interviews. Subscribe To Thunder YouTube: https://bit.ly/3BvOjg9 Follow ...,2026-05-31T19:37:39Z,2026-05-31,19,2026-05-01,PT10M20S,Interview/Press,General Team Content,12723,NA,86,0,86,86,0.006759412088343944,0,6.759412088343945,2120.5,45,0.8666666666666667,0.7111111111111111,0.17777777777777778,0.1111111111111111,Positive,Standard
k9fuxSRcEho,Oklahoma City Thunder,OKC,West,Oklahoma City Thunder,UCpXdQhy6kb5CTD8hKlmOL3w,Oklahoma City Thunder,Cason Wallace | 2025-26 End-of-Season Interviews | OKC Thunder,Cason Wallace speaks with the media at end-of-season interviews. Subscribe To Thunder YouTube: https://bit.ly/3BvOjg9 Follow ...,2026-05-31T19:18:04Z,2026-05-31,19,2026-05-01,PT7M58S,Interview/Press,General Team Content,6223,NA,63,0,63,63,0.010123734533183352,0,10.123734533183352,1037.1666666666667,49,0.7673469387755102,0.5918367346938775,0.2857142857142857,0.12244897959183672,Positive,Standard
YT3bf3E1Rjo,Oklahoma City Thunder,OKC,West,Oklahoma City Thunder,UCpXdQhy6kb5CTD8hKlmOL3w,Oklahoma City Thunder,Isaiah Joe | 2025-26 End-of-Season Interviews | OKC Thunder,Isaiah Joe speaks with the media at end-of-season interviews. Subscribe To Thunder YouTube: https://bit.ly/3BvOjg9 Follow Our ...,2026-05-31T19:10:23Z,2026-05-31,19,2026-05-01,PT10M18S,Interview/Press,General Team Content,2792,NA,24,0,24,24,0.008595988538681949,0,8.595988538681949,465.3333333333333,16,1.05,0.75,0.25,0,Positive,Standard
BPmvr14I9Oo,Oklahoma City Thunder,OKC,West,Oklahoma City Thunder,UCpXdQhy6kb5CTD8hKlmOL3w,Oklahoma City Thunder,Aaron Wiggins | 2025-26 End-of-Season Interviews | OKC Thunder,Aaron Wiggins speaks with the media at end-of-season interviews. Subscribe To Thunder YouTube: https://bit.ly/3BvOjg9 Follow ...,2026-05-31T18:56:07Z,2026-05-31,18,2026-05-01,PT10M29S,Interview/Press,General Team Content,3501,NA,29,0,29,29,0.008283347614967152,0,8.283347614967152,583.5,25,0.932,0.68,0.24,0.08,Positive,Standard
OqP4gj3PrzY,Oklahoma City Thunder,OKC,West,Oklahoma City Thunder,UCpXdQhy6kb5CTD8hKlmOL3w,Oklahoma City Thunder,Jalen Williams | 2025-26 End-of-Season Interviews | OKC Thunder,Jalen Williams speaks with the media at end-of-season interviews. Subscribe To Thunder YouTube: https://bit.ly/3BvOjg9 Follow ...,2026-05-31T18:38:20Z,2026-05-31,18,2026-05-01,PT17M28S,Interview/Press,Star Player,40406,NA,230,0,230,230,0.005692223927139534,0,5.692223927139534,6734.333333333333,50,0.757,0.64,0.16,0.2,Positive,Standard
0VgMIw0MiIU,Oklahoma City Thunder,OKC,West,Oklahoma City Thunder,UCpXdQhy6kb5CTD8hKlmOL3w,Oklahoma City Thunder,Progress to appreciate and motivation to carry forward as a team #okcthunder  #nba,Subscribe To Thunder YouTube: https://bit.ly/3BvOjg9 Follow Our Social Media! ⤵️ Website: https://www.nba.com/thunder/ ...,2026-05-31T18:13:14Z,2026-05-31,18,2026-05-01,PT52S,Shorts,General Team Content,4821,NA,57,0,57,57,0.011823273179838207,0,11.823273179838207,803.5,16,0.371875,0.5,0.4375,0.0625,Positive,Standard
eT99SMP9aig,Oklahoma City Thunder,OKC,West,Oklahoma City Thunder,UCpXdQhy6kb5CTD8hKlmOL3w,Oklahoma City Thunder,Chet Holmgren | 2025-26 End-of-Season Interviews | OKC Thunder,Chet Holmgren speaks with the media at end-of-season interviews. Subscribe To Thunder YouTube: https://bit.ly/3BvOjg9 Follow ...,2026-05-31T18:11:33Z,2026-05-31,18,2026-05-01,PT10M15S,Interview/Press,General Team Content,36520,NA,465,0,465,465,0.01273274917853231,0,12.73274917853231,6086.666666666667,50,0.04700000000000001,0.28,0.38,0.34,Neutral,High Negative Sentiment
YAsYy7rqOHk,Oklahoma City Thunder,OKC,West,Oklahoma City Thunder,UCpXdQhy6kb5CTD8hKlmOL3w,Oklahoma City Thunder,SGA on the group’s commitment to competing every night  #okcthunder #nba,Subscribe To Thunder YouTube: https://bit.ly/3BvOjg9 Follow Our Social Media! ⤵️ Website: https://www.nba.com/thunder/ ...,2026-05-31T18:09:05Z,2026-05-31,18,2026-05-01,PT51S,Shorts,General Team Content,11856,NA,126,0,126,126,0.01062753036437247,0,10.62753036437247,1976,46,0.5565217391304348,0.4565217391304347,0.34782608695652173,0.1956521739130435,Positive,Standard
sTAgwA3YILk,Oklahoma City Thunder,OKC,West,Oklahoma City Thunder,UCpXdQhy6kb5CTD8hKlmOL3w,Oklahoma City Thunder,Learning from every experience and growing through the work #okcthunder #nba,Subscribe To Thunder YouTube: https://bit.ly/3BvOjg9 Follow Our Social Media! ⤵️ Website: https://www.nba.com/thunder/ ...,2026-05-31T17:44:40Z,2026-05-31,17,2026-05-01,PT34S,Shorts,General Team Content,9646,NA,70,0,70,70,0.00725689404934688,0,7.256894049346879,1607.6666666666667,42,0.35714285714285715,0.47619047619047616,0.2619047619047619,0.2619047619047619,Positive,Standard
-PpIzgbJDQA,Oklahoma City Thunder,OKC,West,Oklahoma City Thunder,UCpXdQhy6kb5CTD8hKlmOL3w,Oklahoma City Thunder,Alex Caruso | 2025-26 End-of-Season Interviews | OKC Thunder,Alex Caruso speaks with the media at end-of-season interviews. Subscribe To Thunder YouTube: https://bit.ly/3BvOjg9 Follow Our ...,2026-05-31T17:37:38Z,2026-05-31,17,2026-05-01,PT12M42S,Interview/Press,General Team Content,9368,NA,151,0,151,151,0.01611870196413322,0,16.11870196413322,1561.3333333333333,50,0.047,0.38,0.24,0.38,Neutral,High Negative Sentiment
Uaw46gbcvzI,Oklahoma City Thunder,OKC,West,Oklahoma City Thunder,UCpXdQhy6kb5CTD8hKlmOL3w,Oklahoma City Thunder,Isaiah Hartenstein | 2025-26 End-of-Season Interviews | OKC Thunder,Isaiah Hartenstein speaks with the media at end-of-season interviews. Subscribe To Thunder YouTube: https://bit.ly/3BvOjg9 ...,2026-05-31T17:25:10Z,2026-05-31,17,2026-05-01,PT11M39S,Interview/Press,General Team Content,7871,NA,65,0,65,65,0.008258162876381654,0,8.258162876381654,1311.8333333333333,37,0.4418918918918919,0.5405405405405406,0.1891891891891892,0.2702702702702703,Positive,Standard
jhGteQYWfY4,Oklahoma City Thunder,OKC,West,Oklahoma City Thunder,UCpXdQhy6kb5CTD8hKlmOL3w,Oklahoma City Thunder,Lu Dort | 2025-26 End-of-Season Interviews | OKC Thunder,Lu Dort speaks with the media at end-of-season interviews. Subscribe To Thunder YouTube: https://bit.ly/3BvOjg9 Follow Our ...,2026-05-31T17:20:13Z,2026-05-31,17,2026-05-01,PT10M43S,Interview/Press,General Team Content,5916,NA,59,0,59,59,0.009972954699121028,0,9.972954699121027,986,38,0.4447368421052631,0.47368421052631576,0.3157894736842105,0.21052631578947367,Positive,Standard
czsEqIzq79s,Oklahoma City Thunder,OKC,West,Oklahoma City Thunder,UCpXdQhy6kb5CTD8hKlmOL3w,Oklahoma City Thunder,Kenrich Williams | 2025-26 End-of-Season Interviews | OKC Thunder,Kenrich Williams speaks with the media at end-of-season interviews. Subscribe To Thunder YouTube: https://bit.ly/3BvOjg9 Follow ...,2026-05-31T17:16:14Z,2026-05-31,17,2026-05-01,PT12M8S,Interview/Press,General Team Content,3908,NA,13,0,13,13,0.0033265097236438077,0,3.3265097236438077,651.3333333333334,12,1.5416666666666667,0.8333333333333334,0.16666666666666666,0,Positive,Standard
xy34GlvW8qM,Oklahoma City Thunder,OKC,West,Oklahoma City Thunder,UCpXdQhy6kb5CTD8hKlmOL3w,Oklahoma City Thunder,Shai Gilgeous-Alexander | 2025-26 End-of-Season Interviews | OKC Thunder,Shai Gilgeous-Alexander speaks with the media at end-of-season interviews. Subscribe To Thunder YouTube: ...,2026-05-31T17:13:35Z,2026-05-31,17,2026-05-01,PT16M17S,Interview/Press,Star Player,79969,NA,1050,0,1050,1050,0.013130087909064763,0,13.130087909064763,13328.166666666666,50,1.263,0.76,0.16,0.08,Positive,Standard
L3Y5rT9JJow,Oklahoma City Thunder,OKC,West,Oklahoma City Thunder,UCpXdQhy6kb5CTD8hKlmOL3w,Oklahoma City Thunder,Head Coach Mark Daigneault | 2025-26 End-of-Season Interviews | OKC Thunder,Head Coach Mark Daigneault speaks with the media at end-of-season interviews. Subscribe To Thunder YouTube: ...,2026-05-31T15:28:37Z,2026-05-31,15,2026-05-01,PT16M5S,Interview/Press,Coach/Leadership,16501,NA,150,0,150,150,0.009090358160111509,0,9.090358160111508,2750.1666666666665,50,1.13,0.68,0.1,0.22,Positive,Standard
